Default Dataset,,Dataset 1,,Dataset 2,,Dataset 3,,Dataset 4,,Dataset 5,,Dataset 6,,Dataset 7,,Dataset 8,
X,Y,X,Y,X,Y,X,Y,X,Y,X,Y,X,Y,X,Y,X,Y
1.363747966,0.017295616,1.803762451,0.009648009,2.731183901,0.016758214,3.920472586,0.011356545,5.109947149,0.017683803,5.076273414,0.012914022,6.400035513,0.01261325,7.858241153,0.015528493,8.321873438,0.014134048
1.407740489,0.037168086,1.931521458,0.015078445,2.866030248,0.045391224,4.088735552,0.028535345,5.251385629,0.038271831,5.26451009,0.018408165,6.601870994,0.028174888,8.026594602,0.03841677,8.462263388,0.015671863
1.495516181,0.063702776,2.079815036,0.044214556,2.974118536,0.081624984,4.203524966,0.063601589,5.352763751,0.075102683,5.452849484,0.030383857,6.776894167,0.047914145,8.141391147,0.073932973,8.61766966,0.022498338
1.5498784,0.1018902,2.161058986,0.082604921,3.06204387,0.117602113,4.271329575,0.101986724,5.413948047,0.11975463,5.829546949,0.055513705,6.856702391,0.061305082,8.209252408,0.115892781,8.76563076,0.030655119
1.590867516,0.144252012,2.208728553,0.122494574,3.136600833,0.158052175,4.319018752,0.143113764,5.461676444,0.163356444,5.993420825,0.078413334,6.932027437,0.084626312,8.267049415,0.158811079,8.913808163,0.052460651
1.656511112,0.215880558,2.255001021,0.159029011,3.191038006,0.200969166,4.359973007,0.183275777,5.502761431,0.211767702,6.099618052,0.136657303,7.040241146,0.12877411,8.305993434,0.199329775,9.048553886,0.074744243
1.686799306,0.261427895,2.277093135,0.196213975,3.231974829,0.240031279,4.407768949,0.2311397,5.547670044,0.259159119,6.174236895,0.181012007,7.114907053,0.176098542,8.347080164,0.247851023,9.156633458,0.110428053
1.719738763,0.304666488,2.310023877,0.238902619,3.272981377,0.283492991,4.435262074,0.26992161,5.585038171,0.315327101,6.242202306,0.229543713,7.169379088,0.221215331,8.386789842,0.29428194,9.231099842,0.145162566
1.741820419,0.341191513,2.338940683,0.282717091,3.31407508,0.332454199,4.469487943,0.309531059,5.61258359,0.357408709,6.303506877,0.281784966,7.210368204,0.263577143,8.427927122,0.345992896,9.285419355,0.180655237
1.769259072,0.376536237,2.366453419,0.322736388,3.355151352,0.380315507,4.496954922,0.34666312,5.640129008,0.399490317,6.358055173,0.331713815,7.251366036,0.306488905,8.462283724,0.39385159,9.339771551,0.218210218
1.796726051,0.413668298,2.393959617,0.362343222,3.396236339,0.428726765,4.529899608,0.390231683,5.667654817,0.440334538,6.412610005,0.382055126,7.299188125,0.356002677,8.503220548,0.432913704,9.39415643,0.257827511
1.824199566,0.451212821,2.421465816,0.401950056,3.437321326,0.477138023,4.552028328,0.429726436,5.708796455,0.492320469,6.467132154,0.430334126,7.35381486,0.410881073,8.550942408,0.476103055,9.448547846,0.297857266
1.851731911,0.492469504,2.445579496,0.439493272,3.48499743,0.517440139,4.593017444,0.472088248,5.756618544,0.541834241,6.521615083,0.476138353,7.408323936,0.458335149,8.61206526,0.516877857,9.502965409,0.33953687
1.899364437,0.530021871,2.483215314,0.482266239,3.552819471,0.556925174,4.63391069,0.508400614,5.85806013,0.582669727,6.589552604,0.52291022,7.483006029,0.506680916,8.726919763,0.556051224,9.557376435,0.380804012
2.00083633,0.572769682,2.524169569,0.522428252,3.6673906,0.578217678,4.688285111,0.547357967,5.999062676,0.575750273,6.724669397,0.568608336,7.618031548,0.546619668,8.81716266,0.566348063,9.611807071,0.423308541
2.12161314,0.561632055,2.618941401,0.566410835,3.814990402,0.563576546,4.796371256,0.583456501,6.099243284,0.537018042,6.913074158,0.58470865,7.793123104,0.570673915,8.888448955,0.572337491,9.666257317,0.467050456
2.188159913,0.52064767,2.766726606,0.563468632,3.962388163,0.53618658,4.944168345,0.581264229,6.159177774,0.502807207,7.067363861,0.568191733,7.967975318,0.579625698,9.049570697,0.562913611,9.727410238,0.509722584
2.227798123,0.477767284,2.914038796,0.530679161,4.082837971,0.504415128,5.084821477,0.552296794,6.212327228,0.464469135,7.160694938,0.521262637,8.108646917,0.551823541,9.169788299,0.516489929,9.822109071,0.549098922
2.258485488,0.435433362,3.047961033,0.501000842,4.169599782,0.466973978,5.198504925,0.517576568,6.258789695,0.42819076,7.22033005,0.468161032,8.201990196,0.505664374,9.243034447,0.474227561,9.956856906,0.571515835
2.280313522,0.399420375,3.141464096,0.464924086,4.242909554,0.428726242,5.28528728,0.481431727,6.298497629,0.389709972,7.273237648,0.414561857,8.27516662,0.459002409,9.309540879,0.430697694,10.10464211,0.568573632
2.306499319,0.355709835,3.194620087,0.426998477,4.302712004,0.38618367,5.351889148,0.443923809,6.338214279,0.351779133,7.3194953,0.365359665,8.334912855,0.412912662,9.376015936,0.385188009,10.25225142,0.554532445
2.32825327,0.315022276,3.234380314,0.391817386,4.349139609,0.347705497,5.398349435,0.407507947,6.367814382,0.311507087,7.365770382,0.317257372,8.388036162,0.372924741,9.442511909,0.340998203,10.39300534,0.531924427
2.368754317,0.255918811,3.279345454,0.345859374,4.388864974,0.310324608,5.438083516,0.370677007,6.417516846,0.267668211,7.41867798,0.263658198,8.461053092,0.316198698,9.502187548,0.290453863,10.4999213,0.49418472
2.391697938,0.219631285,3.309159523,0.304954972,4.428503184,0.267444222,5.477756589,0.32999642,6.457207349,0.228087523,7.478313092,0.210556592,8.527569983,0.273328771,9.555245489,0.24634132,10.57324153,0.456596924
2.418001395,0.183345066,3.349943825,0.263724871,4.468254696,0.231713182,5.517377368,0.286016135,6.496932714,0.190706634,7.551419792,0.15949503,8.600777783,0.228646624,9.608316503,0.203053701,10.6465513,0.418349189
2.444317924,0.147883771,3.3875243,0.218203943,4.507875475,0.187732897,5.563513002,0.229114648,6.543323278,0.149891174,7.644757623,0.112992145,8.687436876,0.184723924,9.668073197,0.157623894,10.7332907,0.379493882
2.490754244,0.109955547,3.429174489,0.175076864,4.547531117,0.145952411,5.609770654,0.179912456,6.603176714,0.110565808,7.79180457,0.063465813,8.807702979,0.141360676,9.697889817,0.140231615,10.82010792,0.34554884
2.568589334,0.039248994,3.478944498,0.135500099,4.593978331,0.108711624,5.649408864,0.13703207,6.68991406,0.07158087,8.167549552,0.02849402,8.968411723,0.105876681,9.741265308,0.111951838,10.90682553,0.305318659
2.530531903,0.075874356,3.538787475,0.095514793,4.653808235,0.067901393,5.695827753,0.098003947,6.821118889,0.040037509,8.355590128,0.021614295,9.142588149,0.072186214,9.834664148,0.069298601,11.00034063,0.270001357
2.704282877,0.015337884,3.618799735,0.056185486,4.760690686,0.028046879,5.762366433,0.056508894,6.957202523,0.024252008,8.545215302,0.016874539,9.316672056,0.032657819,9.957289777,0.033485235,11.10054739,0.232918975
2.798264132,0.009435033,3.739269917,0.02569963,4.874698872,0.013817635,5.876065614,0.022781434,7.112323296,0.013063465,8.718304466,0.012425984,9.444035383,0.013120829,10.10929145,0.01392963,11.21999802,0.198672376